{
    "epoch": 3.0,
    "eval_accuracy": 0.9950800715160463,
    "eval_f1": 0.8026698613725826,
    "eval_loss": 0.018894445151090622,
    "eval_precision": 0.8389982110912343,
    "eval_recall": 0.7693569553805775,
    "eval_runtime": 914.0719,
    "eval_samples": 234353,
    "eval_samples_per_second": 256.384,
    "eval_steps_per_second": 8.012,
    "train_loss": 0.013858640649762345,
    "train_runtime": 57502.5916,
    "train_samples": 1093647,
    "train_samples_per_second": 57.057,
    "train_steps_per_second": 1.783
}