{
    "epoch": 3.0,
    "eval_accuracy": 0.9866654149936207,
    "eval_f1": 0.8729623155412821,
    "eval_loss": 0.04600832983851433,
    "eval_precision": 0.8817442719881744,
    "eval_recall": 0.8643535662534213,
    "eval_runtime": 910.7724,
    "eval_samples": 234353,
    "eval_samples_per_second": 257.312,
    "eval_steps_per_second": 8.042,
    "train_loss": 0.03257010322293751,
    "train_runtime": 57465.0924,
    "train_samples": 1093647,
    "train_samples_per_second": 57.095,
    "train_steps_per_second": 1.784
}